,,,,,,,,,,,,,,,,,,,
GLU,0,GLU,4.297,GLU,4.294,GLU,0,GLU,-8.753,GLU,0,GLU,0.04,GLU,0.053,GLU,0,GLU,78
ASP,0,ASP,3.393,ASP,3.391,ASP,0,ASP,-9.781,ASP,0,ASP,0.04,ASP,0.082,ASP,0,ASP,99.99999999
LYS,0,LYS,10.992,LYS,10.996,LYS,0,LYS,-5.687,LYS,0,LYS,0.05,LYS,0.064,LYS,0,LYS,99.99999999
LYS,0,LYS,10.597,LYS,10.678,LYS,0,LYS,-7.71,LYS,0,LYS,0.06,LYS,0.143,LYS,0,LYS,99.99999999
HIS,0,HIS,6.381,HIS,6.299,HIS,0,HIS,-10.399,HIS,0,HIS,0.07,HIS,0.051,HIS,0,HIS,0
ASP,0,ASP,3.49,ASP,3.488,ASP,0,ASP,-10.896,ASP,0,ASP,0.03,ASP,0.054,ASP,0,ASP,48
TYR,0,TYR,10.083,TYR,10.084,TYR,0,TYR,-13.84,TYR,0,TYR,0.03,TYR,0.058,TYR,0,TYR,26
GLU,0,GLU,3.593,GLU,3.59,GLU,0,GLU,-8.542,GLU,0,GLU,0.03,GLU,0.08,GLU,0,GLU,67
ARG,0,ARG,12.875,ARG,12.874,ARG,0,ARG,-4.263,ARG,0,ARG,0.24,ARG,0.118,ARG,1,ARG,99
ASP,1,ASP,3.599,ASP,3.592,ASP,1,ASP,0.017,ASP,0,ASP,0.24,ASP,0.132,ASP,1,ASP,99.99999999
LYS,0,LYS,10.488,LYS,10.494,LYS,0,LYS,-6.922,LYS,0,LYS,0.91,LYS,0.103,LYS,0,LYS,88
GLU,0,GLU,3.4,GLU,3.489,GLU,0,GLU,-7.85,GLU,0,GLU,0.34,GLU,0.08,GLU,0,GLU,74
ARG,0,ARG,13.683,ARG,13.679,ARG,0,ARG,-9.719,ARG,0,ARG,0.75,ARG,0.046,ARG,0,ARG,76
GLU,0,GLU,4.19,GLU,4.185,GLU,0,GLU,-7.409,GLU,0,GLU,0.03,GLU,0.054,GLU,0,GLU,99.99999999
LYS,0,LYS,11.392,LYS,11.392,LYS,0,LYS,-10.759,LYS,0,LYS,0.03,LYS,0.049,LYS,0,LYS,73
GLU,0,GLU,3.893,GLU,3.89,GLU,0,GLU,-6.979,GLU,0,GLU,0.04,GLU,0.053,GLU,0,GLU,33
HIS,0,HIS,6.395,HIS,6.392,HIS,0,HIS,-10.622,HIS,0,HIS,0.3,HIS,0.055,HIS,0,HIS,27
ASP,1,ASP,3.597,ASP,3.595,ASP,1,ASP,-5.369,ASP,0,ASP,0.04,ASP,0.094,ASP,1,ASP,54
GLU,1,GLU,4.096,GLU,4.095,GLU,1,GLU,-4.962,GLU,0,GLU,0.05,GLU,0.099,GLU,1,GLU,87
ASP,1,ASP,3,ASP,3.079,ASP,1,ASP,-5.683,ASP,0,ASP,0.06,ASP,0.101,ASP,1,ASP,99.99999999
ARG,0,ARG,13.099,ARG,13.174,ARG,0,ARG,-7.503,ARG,0,ARG,0.17,ARG,0.106,ARG,0,ARG,75
HIS,0,HIS,6.084,HIS,6.082,HIS,0,HIS,-8.834,HIS,0,HIS,0.16,HIS,0.083,HIS,0,HIS,0
ARG,1,ARG,12.794,ARG,12.793,ARG,1,ARG,-8.118,ARG,0,ARG,0.95,ARG,0.074,ARG,0,ARG,73
ARG,1,ARG,12.894,ARG,12.895,ARG,1,ARG,-8.688,ARG,0,ARG,0.06,ARG,0.074,ARG,0,ARG,43
TYR,1,TYR,9.479,TYR,9.478,TYR,1,TYR,-10.083,TYR,0,TYR,0.02,TYR,0.114,TYR,0,TYR,16
LYS,1,LYS,10.9,LYS,10.943,LYS,1,LYS,-6.499,LYS,0,LYS,0.02,LYS,0.204,LYS,1,LYS,99.99999999
ASP,0,ASP,3.991,ASP,3.985,ASP,0,ASP,-6.146,ASP,0,ASP,0.03,ASP,0.063,ASP,0,ASP,99.99999999
GLU,0,GLU,4.591,GLU,4.586,GLU,0,GLU,-8.3,GLU,0,GLU,0.03,GLU,0.074,GLU,0,GLU,78
ARG,0,ARG,13.187,ARG,13.187,ARG,0,ARG,-7.849,ARG,0,ARG,0.08,ARG,0.072,ARG,0,ARG,97
GLU,0,GLU,4.085,GLU,3.997,GLU,0,GLU,-10.987,GLU,0,GLU,0.56,GLU,0.051,GLU,0,GLU,70
ASP,0,ASP,2.893,ASP,2.893,ASP,0,ASP,-10.296,ASP,0,ASP,0.02,ASP,0.048,ASP,0,ASP,41
ASP,0,ASP,3.599,ASP,3.596,ASP,1,ASP,-8.087,ASP,0,ASP,0.4,ASP,0.053,ASP,0,ASP,99
TYR,0,TYR,10.18,TYR,10.183,TYR,1,TYR,-9.136,TYR,0,TYR,0.03,TYR,0.074,TYR,0,TYR,95
GLU,1,GLU,3.775,GLU,3.696,GLU,1,GLU,-5.301,GLU,289,GLU,0.06,GLU,0.219,GLU,1,GLU,99.99999999
HIS,1,HIS,5.974,HIS,5.973,HIS,1,HIS,-3.974,HIS,293,HIS,0.03,HIS,0.36,HIS,1,HIS,99.99999999
ARG,1,ARG,12.697,ARG,12.779,ARG,1,ARG,-6.847,ARG,0,ARG,0.02,ARG,0.245,ARG,1,ARG,52
ARG,0,ARG,12.774,ARG,12.776,ARG,0,ARG,-8.578,ARG,0,ARG,0.02,ARG,0.106,ARG,0,ARG,80
GLU,0,GLU,4.099,GLU,4.093,GLU,1,GLU,-1.236,GLU,0,GLU,0.04,GLU,0.117,GLU,1,GLU,99.99999999
LYS,0,LYS,10.6,LYS,10.678,LYS,1,LYS,-4.067,LYS,0,LYS,0.03,LYS,0.122,LYS,1,LYS,99.99999999
ASP,0,ASP,3.48,ASP,3.479,ASP,1,ASP,-7.586,ASP,0,ASP,0.03,ASP,0.142,ASP,0,ASP,99.99999999
ARG,1,ARG,12.698,ARG,12.779,ARG,1,ARG,-7.447,ARG,314,ARG,0.03,ARG,0.19,ARG,0,ARG,99.99999999
ARG,0,ARG,13.997,ARG,13.998,ARG,0,ARG,-9.591,ARG,0,ARG,0.02,ARG,0.063,ARG,0,ARG,69
TYR,0,TYR,9.984,TYR,9.988,TYR,0,TYR,-12.281,TYR,0,TYR,0,TYR,0,TYR,0,TYR,0
ASP,0,ASP,3.684,ASP,3.682,ASP,0,ASP,-4.638,ASP,0,ASP,0.04,ASP,0.081,ASP,0,ASP,99.99999999
TYR,0,TYR,9.697,TYR,9.696,TYR,0,TYR,-10.852,TYR,0,TYR,0,TYR,0,TYR,0,TYR,40
GLU,0,GLU,3.285,GLU,3.283,GLU,0,GLU,-9.299,GLU,0,GLU,0.02,GLU,0.252,GLU,0,GLU,18
ARG,0,ARG,12.599,ARG,12.681,ARG,0,ARG,-7.712,ARG,0,ARG,0.02,ARG,0.25,ARG,0,ARG,28
ARG,0,ARG,12.893,ARG,12.892,ARG,1,ARG,-6.239,ARG,0,ARG,0.03,ARG,0.149,ARG,1,ARG,99.99999999
HIS,0,HIS,6.375,HIS,6.373,HIS,1,HIS,-4.47,HIS,0,HIS,0.05,HIS,0.161,HIS,1,HIS,99.99999999
ASP,0,ASP,3.387,ASP,3.383,ASP,1,ASP,-2.403,ASP,0,ASP,0.03,ASP,0.17,ASP,1,ASP,99.99999999
GLU,0,GLU,3.698,GLU,3.696,GLU,0,GLU,-5.848,GLU,0,GLU,0.03,GLU,0.157,GLU,1,GLU,99
LYS,0,LYS,10.895,LYS,10.896,LYS,1,LYS,-1.416,LYS,0,LYS,0.04,LYS,0.148,LYS,1,LYS,99.99999999
